{
  "version": "v1.0.0",
  "algorithm": "Ensemble (LightGBM + RandomForest)",
  "performance_metrics": {
    "accuracy": 0.9999779964857244,
    "precision": 0.9926739926739927,
    "recall": 0.9902557856272838,
    "f1": 0.9914634146341463,
    "auc": 0.9999998313197321,
    "true_negatives": 635435,
    "false_positives": 6,
    "false_negatives": 8,
    "true_positives": 813,
    "best_threshold": 0.45926052893233144
  },
  "feature_importance": {
    "lightgbm": {
      "0": 470,
      "1": 283,
      "2": 73,
      "3": 376,
      "4": 405,
      "5": 0,
      "6": 215,
      "7": 559,
      "8": 483,
      "9": 62,
      "10": 6,
      "11": 114,
      "12": 743,
      "13": 692,
      "14": 12,
      "15": 0,
      "16": 85,
      "17": 0,
      "18": 0,
      "19": 10,
      "20": 289,
      "21": 277,
      "22": 30,
      "23": 328,
      "24": 368
    },
    "random_forest": {
      "0": 0.015524360311079082,
      "1": 0.03456238921034382,
      "2": 0.037807812195376794,
      "3": 0.01361878052626302,
      "4": 0.05108482368478828,
      "5": 0.00044193673827719896,
      "6": 0.1882892957684984,
      "7": 0.06416715594256447,
      "8": 0.28686596838999423,
      "9": 0.034618104500806136,
      "10": 0.008828547123513185,
      "11": 0.013519723558151397,
      "12": 0.013881948699587743,
      "13": 0.026193035131458417,
      "14": 0.0017871234256226828,
      "15": 0.0011968524742426026,
      "16": 0.009393146859697244,
      "17": 3.1127813809599155e-16,
      "18": 0.0009666039953365181,
      "19": 0.006935418527029042,
      "20": 0.01649079151241122,
      "21": 0.03335668113364618,
      "22": 0.05041117337491372,
      "23": 0.01192298736011951,
      "24": 0.07813533955627885
    },
    "combined": {
      "0": 0.07992102094396396,
      "1": 0.048126944796706164,
      "2": 0.012419283775999566,
      "3": 0.0639370206823594,
      "4": 0.06887452555203402,
      "5": 7.51467495569811e-08,
      "6": 0.036590425053674984,
      "7": 0.09506277283885964,
      "8": 0.08217766818035853,
      "9": 0.010548311201341842,
      "10": 0.0010217358561501275,
      "11": 0.019386757304259754,
      "12": 0.1263414184014427,
      "13": 0.11767151721932466,
      "14": 0.0020407731886892926,
      "15": 2.0351232506528715e-07,
      "16": 0.014454921464379322,
      "17": 5.292961245369654e-20,
      "18": 1.6436096406352615e-07,
      "19": 0.0017015703849475549,
      "20": 0.049144106562786685,
      "21": 0.047106505125116285,
      "22": 0.00510974516344711,
      "23": 0.05577485510266174,
      "24": 0.06258767818145784
    }
  },
  "last_trained": "2025-03-19T17:09:18.038446",
  "model_params": {
    "lightgbm": {
      "boosting_type": "gbdt",
      "objective": "binary",
      "metric": "auc",
      "n_estimators": 200,
      "learning_rate": 0.05,
      "max_depth": 10,
      "num_leaves": 31,
      "colsample_bytree": 0.8,
      "subsample": 0.8,
      "reg_alpha": 0.1,
      "reg_lambda": 0.1,
      "min_child_samples": 20,
      "random_state": 42,
      "n_jobs": -1,
      "verbose": -1
    },
    "random_forest": {
      "n_estimators": 100,
      "max_depth": 20,
      "min_samples_split": 10,
      "min_samples_leaf": 5,
      "max_features": "sqrt",
      "bootstrap": true,
      "random_state": 42,
      "n_jobs": -1,
      "verbose": 0
    }
  }
}