{
    "version": "v1.0",
    "algorithm": "Ensemble (LightGBM + RandomForest)",
    "performance_metrics": {
        "accuracy": 0.9997740712363214,
        "precision": 0.7647058823529411,
        "recall": 0.8246268656716418,
        "f1": 0.7935368043087971,
        "auc": 0.999974593461648
    },
    "last_trained": "2025-03-23T23:04:51.331254",
    "feature_importance": {
        "lightgbm": {
            "feature_0": 3.0,
            "feature_1": 3.0,
            "feature_2": 1.0,
            "feature_3": 7.0,
            "feature_4": 2.0,
            "feature_5": 0.0,
            "feature_6": 1.0,
            "feature_7": 0.0,
            "feature_8": 1.0,
            "feature_9": 0.0,
            "feature_10": 0.0,
            "feature_11": 0.0,
            "feature_12": 0.0,
            "feature_13": 2.0,
            "feature_14": 0.0,
            "feature_15": 1.0,
            "feature_16": 4.0,
            "feature_17": 3.0,
            "feature_18": 2.0,
            "feature_19": 0.0
        },
        "random_forest": {
            "feature_0": 0.04296017571187438,
            "feature_1": 0.1303040041861744,
            "feature_2": 0.02307977816357561,
            "feature_3": 0.36094481875365164,
            "feature_4": 0.08169796133247381,
            "feature_5": 0.001376664577274971,
            "feature_6": 0.013295517222980583,
            "feature_7": 0.009844045532182199,
            "feature_8": 0.03249043517446115,
            "feature_9": 0.014426004270689291,
            "feature_10": 0.011103900922150712,
            "feature_11": 0.002180788417868696,
            "feature_12": 0.007672526161288715,
            "feature_13": 0.02461133784870046,
            "feature_14": 4.030238154599521e-05,
            "feature_15": 0.0005872648700485987,
            "feature_16": 0.020141663823127275,
            "feature_17": 0.047089851999777096,
            "feature_18": 0.14847276128840706,
            "feature_19": 0.027680197361747358
        }
    }
}